session_date,total_sessions,unique_users,unique_content_items,total_consumed_minutes,average_session_seconds,completed_sessions,skipped_sessions,completion_rate_percent
2025-12-20,500,492,465,13006.60,1560.79,183,105,36.60
2026-01-01,2738,2586,1812,68765.95,1506.92,990,576,36.16
2026-01-02,2774,2633,1777,69452.48,1502.22,1072,538,38.64
2026-01-03,2790,2639,1791,68618.98,1475.68,1064,532,38.14
2026-01-04,2723,2571,1771,67240.62,1481.61,1008,520,37.02
2026-01-05,2693,2552,1767,67527.03,1504.5,1025,533,38.06
2026-01-06,2753,2593,1768,69452.32,1513.67,1061,507,38.54
2026-01-07,2852,2687,1818,71603.72,1506.39,1080,580,37.87
2026-01-08,2866,2712,1813,70114.08,1467.85,1080,560,37.68
2026-01-09,2800,2647,1820,67182.78,1439.63,1058,564,37.79
2026-01-10,2681,2546,1741,65991.18,1476.86,999,549,37.26
2026-01-11,2865,2716,1858,72263.47,1513.37,1099,516,38.36
2026-01-12,2724,2575,1779,67518.37,1487.19,1064,497,39.06
2026-01-13,2663,2551,1710,67979.88,1531.65,1020,467,38.30
2026-01-14,2863,2689,1783,72766.72,1524.97,1062,564,37.09
2026-01-15,2789,2660,1793,68481.23,1473.24,1021,576,36.61
2026-01-16,2795,2644,1789,70918.20,1522.39,1028,546,36.78
2026-01-17,2747,2588,1818,67130.37,1466.26,1089,529,39.64
2026-01-18,2810,2662,1810,70866.43,1513.16,1020,541,36.30
2026-01-19,2825,2667,1791,72272.55,1534.99,1113,501,39.40
2026-01-20,2907,2750,1855,70206.07,1449.04,1098,590,37.77
2026-01-21,2735,2590,1767,69280.57,1519.87,1057,529,38.65
2026-01-22,2791,2641,1813,67988.58,1461.6,1053,561,37.73
2026-01-23,2760,2605,1767,70842.58,1540.06,1063,522,38.51
2026-01-24,2802,2637,1802,68068.50,1457.57,1059,509,37.79
2026-01-25,2647,2521,1755,65938.25,1494.63,1017,512,38.42
2026-01-26,2820,2669,1821,71077.33,1512.28,1042,512,36.95
2026-01-27,2744,2606,1756,68673.88,1501.62,1010,526,36.81
2026-01-28,2907,2742,1846,68889.70,1421.87,1095,557,37.67
2026-01-29,2685,2551,1747,68680.78,1534.77,1028,521,38.29
2026-01-30,2793,2635,1810,68875.62,1479.61,1031,542,36.91
2026-01-31,2806,2685,1831,67871.40,1451.28,1033,515,36.81
2026-02-01,2748,2592,1782,66655.42,1455.36,1009,543,36.72
2026-02-02,2768,2598,1792,69218.72,1500.41,1044,526,37.72
2026-02-03,2776,2615,1816,69913.67,1511.1,1039,538,37.43
2026-02-04,2793,2646,1805,67496.25,1449.97,1062,548,38.02
2026-02-05,2779,2624,1791,70296.00,1517.73,1081,542,38.90
2026-02-06,2737,2589,1791,67414.45,1477.85,1024,500,37.41
2026-02-07,2725,2578,1774,67304.58,1481.94,1033,525,37.91
2026-02-08,2776,2623,1776,71739.67,1550.57,1090,485,39.27
2026-02-09,2817,2651,1836,68293.03,1454.59,1035,593,36.74
2026-02-10,2726,2572,1757,67973.33,1496.11,1037,492,38.04
2026-02-11,2753,2609,1793,69092.43,1505.83,1077,551,39.12
2026-02-12,2837,2697,1801,68072.40,1439.67,1067,577,37.61
2026-02-13,2847,2678,1819,72609.17,1530.22,1073,544,37.69
2026-02-14,2749,2586,1770,68851.98,1502.77,1043,533,37.94
2026-02-15,2892,2723,1816,74471.48,1545.05,1093,546,37.79
2026-02-16,2771,2629,1788,69045.83,1495.04,1051,553,37.93
2026-02-17,2715,2581,1792,70746.37,1563.46,1031,509,37.97
2026-02-18,2766,2630,1808,70147.47,1521.64,1029,520,37.20
2026-02-19,2692,2563,1754,69126.13,1540.7,1051,503,39.04
2026-02-20,2733,2599,1807,67510.27,1482.11,1036,560,37.91
2026-02-21,2811,2660,1797,71429.32,1524.64,1094,553,38.92
2026-02-22,2654,2512,1770,68414.52,1546.67,983,493,37.04
2026-02-23,2826,2648,1803,70820.85,1503.63,1084,550,38.36
2026-02-24,2748,2582,1794,69861.98,1525.37,1073,512,39.05
2026-02-25,2770,2633,1805,72461.35,1569.56,1078,518,38.92
2026-02-26,2793,2641,1807,68017.88,1461.18,1066,552,38.17
2026-02-27,2679,2530,1750,67627.72,1514.62,1040,496,38.82
2026-02-28,2792,2649,1812,69838.65,1500.83,1041,552,37.29
2026-03-01,2763,2625,1747,65254.12,1417.03,1029,579,37.24
2026-03-02,2770,2631,1807,70336.32,1523.53,1096,506,39.57
2026-03-03,2717,2566,1758,68731.30,1517.81,1064,500,39.16
2026-03-04,2834,2690,1813,71915.78,1522.56,1086,523,38.32
2026-03-05,2882,2734,1822,71529.43,1489.16,1097,587,38.06
2026-03-06,2746,2582,1788,65382.38,1428.6,973,570,35.43
2026-03-07,2780,2632,1799,69779.60,1506.03,1080,538,38.85
2026-03-08,2666,2550,1770,64704.68,1456.22,992,499,37.21
2026-03-09,2763,2610,1781,70315.47,1526.94,1075,516,38.91
2026-03-10,2821,2668,1839,69605.62,1480.45,1038,548,36.80
2026-03-11,2792,2666,1786,71243.62,1531.02,1098,493,39.33
2026-03-12,2826,2661,1791,68969.90,1464.33,1084,530,38.36
2026-03-13,2694,2551,1790,69027.13,1537.35,1057,497,39.24
2026-03-14,2734,2593,1768,68035.95,1493.11,1038,502,37.97
2026-03-15,2791,2637,1819,72984.90,1569.01,1097,520,39.30
2026-03-16,2826,2681,1787,70760.63,1502.35,1050,522,37.15
2026-03-17,2894,2739,1842,69183.23,1434.34,1054,560,36.42
2026-03-18,2845,2675,1836,73044.37,1540.48,1091,511,38.35
2026-03-19,2683,2550,1778,66735.78,1492.41,1021,504,38.05
2026-03-20,2778,2622,1752,72637.58,1568.85,1081,518,38.91
2026-03-21,2728,2588,1737,69389.25,1526.16,1068,511,39.15
2026-03-22,2847,2692,1815,70306.28,1481.69,1055,561,37.06
2026-03-23,2676,2544,1789,67297.45,1508.91,969,542,36.21
2026-03-24,2749,2611,1782,67445.37,1472.07,1038,539,37.76
2026-03-25,2751,2609,1797,68513.03,1494.29,1032,520,37.51
2026-03-26,2776,2613,1787,68267.92,1475.53,1053,493,37.93
2026-03-27,2862,2694,1807,73676.82,1544.59,1059,558,37.00
2026-03-28,2796,2641,1814,69581.85,1493.17,1054,519,37.70
2026-03-29,2758,2630,1767,71370.07,1552.65,1082,516,39.23
2026-03-30,2728,2578,1735,68887.73,1515.13,1022,545,37.46
2026-03-31,2304,2196,1580,57025.95,1485.05,870,416,37.76
